id,name_zh,name_en,address,star_rating,opening_date,description,status,rejection_reason,merchant_id,createdAt,updatedAt,location
cmm1darkk00255z4ur33254sm,珠海横琴万豪酒店,Marriott Hotel Zhuhai Hengqin,珠海市横琴新区,5,2020-08-01 00:00:00,横琴自贸区高端商务酒店。,approved,,cmm1da1mk0000kqk29gy544jg,2026-02-25 01:40:24.882,2026-02-25 01:40:24.882,0101000020E610000047578C08654A5E4027BDB5A5656C4240
cmm1darl500335z4uyrapbcuj,苏州观前街W酒店,W Suzhou,苏州市姑苏区观前街附近,5,2019-11-01 00:00:00,潮流设计感强的城市时尚酒店。,approved,,cmm1da1mk0000kqk29gy544jg,2026-02-25 01:40:24.882,2026-02-25 01:40:24.882,0101000020E61000003E188F28F17F5C401E784408ACF24240
cmm1darle003z5z4um77qtup9,济南奥体中心万达嘉华酒店,Wanda Realm Jinan Olympic Center,济南市历下区奥体中路,5,2019-07-01 00:00:00,奥体商圈高端商务酒店。,approved,,cmm1da1mk0000kqk29gy544jg,2026-02-25 01:40:24.882,2026-02-25 01:40:24.882,0101000020E6100000F589005702C05C40399CFCEF70C14340
cmm1darll004t5z4ugd49u4sl,长沙梅溪湖金茂豪华精选酒店,The Luxury Collection Changsha Meixi Lake,长沙市岳麓区梅溪湖片区,5,2021-12-01 00:00:00,湖景高端酒店，艺术氛围浓厚。,approved,,cmm1da1mk0000kqk29gy544jg,2026-02-25 01:40:24.883,2026-02-25 01:40:24.883,0101000020E610000088FAFCE518E95D407E68AB3E31E84340
cmm1darkl00275z4utwda18rv,西安曲江池大唐芙蓉园阿丽拉酒店,Alila Xi'an Qujiang,西安市曲江新区大唐芙蓉园,5,2022-10-01 00:00:00,唐风设计的高端文化酒店。,approved,,cmm1da1mk0000kqk29gy544jg,2026-02-25 01:40:24.882,2026-02-25 01:40:24.882,0101000020E610000078881D1D4CEB5D40B008282D42D74540
cmm1darkz002v5z4umqok3ox5,沈阳故宫万豪酒店,Marriott Hotel Shenyang Imperial Palace,沈阳市沈河区故宫附近,5,2019-06-01 00:00:00,历史文化区高端酒店。,approved,,cmm1da1mk0000kqk29gy544jg,2026-02-25 01:40:24.882,2026-02-25 01:40:24.882,0101000020E61000002535DE2756E95D408CEB69FA02A54140
cmm1darl900375z4ulhxov0jp,舟山普陀山普济大酒店,Putuo Mountain Puji Hotel,舟山市普陀区普陀山风景区,5,2010-05-01 00:00:00,佛教圣地核心五星酒店。,approved,,cmm1da1mk0000kqk29gy544jg,2026-02-25 01:40:24.882,2026-02-25 01:40:24.882,0101000020E610000030C4BBB1A9095C402BFDBFECA65C4440
cmm1darli00435z4umh09kdm9,烟台金沙滩希尔顿酒店,Hilton Yantai Golden Beach,烟台市开发区金沙滩,5,2016-09-01 00:00:00,黄金海岸度假酒店。,approved,,cmm1da1mk0000kqk29gy544jg,2026-02-25 01:40:24.882,2026-02-25 01:40:24.882,0101000020E610000038B179D86A335E40F3775A44FE254240
cmm1darku002l5z4ue0d7j462,丽江束河古镇安缦酒店,Amanfayun Lijiang,丽江市束河古镇,5,2015-04-01 00:00:00,极致隐奢古镇度假体验。,approved,,cmm1da1mk0000kqk29gy544jg,2026-02-25 01:40:24.882,2026-02-25 01:40:24.882,0101000020E6100000F2921225834D5D402913EBAD70714340
cmm1darkx002t5z4uz9n3ufrw,武汉长江江滩万豪行政公寓,Marriott Executive Apartments Wuhan,武汉市江汉区长江江滩,5,2021-03-01 00:00:00,江景长住型公寓酒店。,approved,,cmm1da1mk0000kqk29gy544jg,2026-02-25 01:40:24.882,2026-02-25 01:40:24.882,0101000020E6100000888546FEC8445E400082145AE8334340
cmm1darla00395z4ungsyh4oy,莫干山裸心谷,Naked Retreats Moganshan,湖州市德清县莫干山镇,5,2011-07-01 00:00:00,高端生态隐居式度假村。,approved,,cmm1da1mk0000kqk29gy544jg,2026-02-25 01:40:24.882,2026-02-25 01:40:24.882,0101000020E61000005541B9406C445E404E18743F7E654540
cmm1darlc003x5z4uhw9h9jv6,乌镇雅园度假酒店,Yayuan Resort Wuzhen,嘉兴市桐乡市乌镇景区,5,2019-05-01 00:00:00,水乡顶级度假体验酒店。,approved,,cmm1da1mk0000kqk29gy544jg,2026-02-25 01:40:24.882,2026-02-25 01:40:24.882,0101000020E6100000E012F2517D5D5D406B474A15D6B04440
cmm1darlj004i5z4utvb1iw2u,昆明滇池大酒店,Grand Park Hotel Kunming Dianchi,昆明市西山区滇池路,5,2015-09-01 00:00:00,滇池湖畔度假型酒店。,approved,,cmm1da1mk0000kqk29gy544jg,2026-02-25 01:40:24.882,2026-02-25 01:40:24.882,0101000020E6100000A8A1CF2D956A5D4066A8368BE41C4240
cmm1darll004q5z4ual2q0ujg,青岛奥帆中心洲际酒店,InterContinental Qingdao Olympic Sailing Center,青岛市市南区奥帆中心,5,2008-07-01 00:00:00,奥运遗产酒店，海景优美。,approved,,cmm1da1mk0000kqk29gy544jg,2026-02-25 01:40:24.883,2026-02-25 01:40:24.883,0101000020E6100000A3977E501C3B5D407A9C4A203A1A4440
cmm1darku002n5z4uk8wd6tyt,乌鲁木齐国际大巴扎希尔顿酒店,Hilton Urumqi International Bazaar,乌鲁木齐市天山区二道桥大巴扎,5,2018-07-01 00:00:00,民族风情浓厚，适合体验新疆文化。,approved,,cmm1da1mk0000kqk29gy544jg,2026-02-25 01:40:24.882,2026-02-25 01:40:24.882,0101000020E6100000DDE55D03E68D5D4007014949D0ED4240
cmm1darkp002b5z4uex2iogz9,西宁海湖新区假日酒店,Holiday Inn Xining Haihu New Area,西宁市城西区海湖新区,4,2020-10-01 00:00:00,新区商务型酒店，交通便利。,approved,,cmm1da1mk0000kqk29gy544jg,2026-02-25 01:40:24.882,2026-02-25 01:40:24.882,0101000020E61000007CECB3BBBFFB5C40C6AC7FE4E9A24340
cmm1darla003h5z4ut11wg0gb,西双版纳野象谷安纳塔拉酒店,Anantara Xishuangbanna Resort,西双版纳傣族自治州野象谷景区,5,2013-06-01 00:00:00,热带雨林高端度假酒店。,approved,,cmm1da1mk0000kqk29gy544jg,2026-02-25 01:40:24.882,2026-02-25 01:40:24.882,0101000020E61000007269E1FCDFA05C40CB5397955F104540
cmm1darla003l5z4ugcczngaa,济南趵突泉香格里拉酒店,Shangri-La Hotel Jinan,济南市历下区趵突泉景区附近,5,2019-10-01 00:00:00,泉城核心地段，融合泉水文化的高端酒店。,approved,,cmm1da1mk0000kqk29gy544jg,2026-02-25 01:40:24.882,2026-02-25 01:40:24.882,0101000020E6100000DF89FF6393A25D4026A4A1BA00B24140
cmm1darli00475z4u6nme8z51,郑州黄河风景线希尔顿酒店,Hilton Zhengzhou Yellow River,郑州市惠济区黄河风景线,5,2021-10-01 00:00:00,黄河景观高端酒店。,approved,,cmm1da1mk0000kqk29gy544jg,2026-02-25 01:40:24.882,2026-02-25 01:40:24.882,0101000020E61000006FD692CEAB4D5D40E521556E51154540
cmm1darlj004f5z4uhgf97zqe,郑州郑东新区万怡酒店,Courtyard by Marriott Zhengzhou East,郑州市郑东新区CBD,4,2020-06-01 00:00:00,新区商务便利型酒店，交通发达。,approved,,cmm1da1mk0000kqk29gy544jg,2026-02-25 01:40:24.882,2026-02-25 01:40:24.882,0101000020E6100000992C5D628DBE5D40D1C72FC31CA54240
cmm1darku002p5z4uip1ddt4n,大理洱海玫瑰庄园希尔顿酒店,Hilton Dali Resort & Spa,大理市洱海东岸玫瑰庄园,5,2016-07-01 00:00:00,洱海湖景高端度假酒店。,approved,,cmm1da1mk0000kqk29gy544jg,2026-02-25 01:40:24.882,2026-02-25 01:40:24.882,0101000020E61000003FD4C66F24295C401B19A15E73DC4540
cmm1darl0002x5z4up60z44kh,张家界国家森林公园绿地酒店,Greenland Hotel Zhangjiajie National Forest Park,张家界市武陵源区森林公园内,5,2021-09-01 00:00:00,国家公园内生态度假酒店。,approved,,cmm1da1mk0000kqk29gy544jg,2026-02-25 01:40:24.882,2026-02-25 01:40:24.882,0101000020E61000004480D41C2D075D4085AF31ED28504240
cmm1darla003d5z4ulvmzuzkd,千岛湖洲际度假酒店,InterContinental Thousand Island Lake Resort,杭州市淳安县千岛湖镇,5,2016-08-01 00:00:00,湖景顶级度假酒店，水上活动丰富。,approved,,cmm1da1mk0000kqk29gy544jg,2026-02-25 01:40:24.882,2026-02-25 01:40:24.882,0101000020E61000001C0D634B81975C402638129159F94540
cmm1darla003k5z4uqwtkfl6q,大连星海湾凯宾斯基酒店,Kempinski Hotel Dalian,大连市沙河口区星海湾,5,2004-08-01 00:00:00,海滨经典五星，会议与度假兼顾。,approved,,cmm1da1mk0000kqk29gy544jg,2026-02-25 01:40:24.882,2026-02-25 01:40:24.882,0101000020E6100000D5A17C6D29ED5B400CF74EE6D6584340
cmm1darli00495z4uarrnfjuc,长沙IFS国金中心W酒店,W Changsha IFS,长沙市开福区IFS国金中心,5,2020-12-01 00:00:00,潮流时尚高端城市酒店。,approved,,cmm1da1mk0000kqk29gy544jg,2026-02-25 01:40:24.882,2026-02-25 01:40:24.882,0101000020E6100000A9CC1532C1BD5D40FC18F24687A84340
cmm1darlk004l5z4ub15a3exu,拉萨布达拉宫大酒店,Potala Palace Hotel Lhasa,拉萨市城关区江苏路,5,2020-08-01 00:00:00,布达拉宫视野内高端酒店。,approved,,cmm1da1mk0000kqk29gy544jg,2026-02-25 01:40:24.883,2026-02-25 01:40:24.883,0101000020E61000007904F2DF2CE45C400B4FB03764C24340
cmm1darlp004x5z4ul3wxum0y,青岛栈桥洲际酒店,InterContinental Qingdao,青岛市市南区栈桥景区附近,5,2014-10-01 00:00:00,海景房占比高，步行可达五四广场与奥帆中心。,approved,,cmm1da1mk0000kqk29gy544jg,2026-02-25 01:40:24.883,2026-02-25 01:40:24.883,0101000020E61000002E00C11F81855D40CDD64D3FC4E54140
cmm1darkv002r5z4ucwrlsyyt,南京夫子庙金陵饭店,Jinling Hotel Nanjing,南京市玄武区汉中路2号,5,1983-10-01 00:00:00,南京标志性老牌五星酒店。,approved,,cmm1da1mk0000kqk29gy544jg,2026-02-25 01:40:24.882,2026-02-25 01:40:24.882,0101000020E61000006B2154CF59475D40EEFBD794EC4F4440
cmm1darkq002f5z4u1hlz7hxf,澳门巴黎人酒店,The Parisian Macao,中国澳门路氹城填海区,5,2016-09-01 00:00:00,法式主题综合度假村（境内适用）。,approved,,cmm1da1mk0000kqk29gy544jg,2026-02-25 01:40:24.882,2026-02-25 01:40:24.882,0101000020E6100000356BF25934795C4050434C555D494340
cmm1darla003f5z4u85671lft,黄山汤口悦榕庄,Banyan Tree Huangshan,黄山市汤口镇黄山风景区南大门,5,2015-06-01 00:00:00,黄山脚下顶级温泉度假酒店。,approved,,cmm1da1mk0000kqk29gy544jg,2026-02-25 01:40:24.882,2026-02-25 01:40:24.882,0101000020E6100000238C4D0A00D25D401190CCD6F6244340
cmm1darlc003p5z4ufqdsghtq,安吉帐篷客Alila,Alila Wuzhen Anji Tent Hotel,湖州市安吉县天荒坪镇,5,2020-04-01 00:00:00,帐篷+现代设计的奢华野奢酒店。,approved,,cmm1da1mk0000kqk29gy544jg,2026-02-25 01:40:24.882,2026-02-25 01:40:24.882,0101000020E61000002EE77861A60B5C4016611964AAC94240
cmm1darlj004b5z4ufv5msota,北海银滩香格里拉酒店,Shangri-La Hotel Beihai Silver Beach,北海市银海区银滩中路,5,2016-12-01 00:00:00,北部湾优质沙滩度假酒店。,approved,,cmm1da1mk0000kqk29gy544jg,2026-02-25 01:40:24.882,2026-02-25 01:40:24.882,0101000020E6100000A019AD05C7055C402EAFF59D73824140
cmm1darkq002d5z4uwjrxa9p3,九寨沟喜来登酒店,Sheraton Jiuzhaigou Resort,阿坝州九寨沟县漳扎镇,5,2017-08-01 00:00:00,九寨沟景区内高端度假酒店。,approved,,cmm1da1mk0000kqk29gy544jg,2026-02-25 01:40:24.882,2026-02-25 01:40:24.882,0101000020E6100000940E68BA5D0B5E40DB9F6745F40C4240
cmm1darla003c5z4uyjccg0kx,上海外滩半岛酒店,The Peninsula Shanghai,上海市黄浦区中山东一路32号,5,2009-10-01 00:00:00,外滩顶级奢华酒店，英式优雅风格。,approved,,cmm1da1mk0000kqk29gy544jg,2026-02-25 01:40:24.882,2026-02-25 01:40:24.882,0101000020E6100000015D6E4281135C40F74C686706104340
cmm1darlj004e5z4uwqzhc0pi,南宁万象城万豪行政公寓,Marriott Executive Apartments Nanning MixC,南宁市青秀区万象城,5,2022-01-01 00:00:00,购物中心上盖长住型公寓。,approved,,cmm1da1mk0000kqk29gy544jg,2026-02-25 01:40:24.882,2026-02-25 01:40:24.882,0101000020E6100000D7A26CADB5CA5D401A280CDEDBDF4540
cmm1darl3002z5z4u6ldu5pai,拉萨饭店,Lhasa Hotel,拉萨市城关区江苏路1号,5,1989-10-01 00:00:00,拉萨经典五星酒店，高原适应性强。,approved,,cmm1da1mk0000kqk29gy544jg,2026-02-25 01:40:24.882,2026-02-25 01:40:24.882,0101000020E6100000D4F96B594ABA5C4061E7AEAF2F1D4540
cmm1darlc003u5z4ub7atio6f,北京颐和安缦,Aman Summer Palace Beijing,北京市海淀区颐和园东宫门附近,5,2008-04-01 00:00:00,皇家园林旁的极致隐奢酒店。,approved,,cmm1da1mk0000kqk29gy544jg,2026-02-25 01:40:24.882,2026-02-25 01:40:24.882,0101000020E61000001CFB23BF75A95C40EC71D493828D4140
cmm1darlj004j5z4uoagt83up,贵阳贵安新区希尔顿欢朋酒店,Hilton Garden Inn Guiyang Guian,贵阳市贵安新区,4,2021-06-01 00:00:00,新区性价比商务酒店。,approved,,cmm1da1mk0000kqk29gy544jg,2026-02-25 01:40:24.882,2026-02-25 01:40:24.882,0101000020E6100000EEED2612ACD25D402042CDA9FD5F4540
cmm1darkt002h5z4u0cim0737,重庆洪崖洞费尔蒙酒店,Fairmont Chongqing Hongyadong,重庆市渝中区解放碑洪崖洞,5,2023-02-01 00:00:00,魔幻8D城市核心江景酒店。,approved,,cmm1da1mk0000kqk29gy544jg,2026-02-25 01:40:24.882,2026-02-25 01:40:24.882,0101000020E6100000AC4FB8B48D975C40787B247179BC4140
cmm1darlc003s5z4u7g3ncurl,厦门鼓浪屿海景酒店,Seaview Hotel Gulangyu Xiamen,厦门市思明区鼓浪屿海滨路,5,2018-06-01 00:00:00,岛上海洋风情高端酒店。,approved,,cmm1da1mk0000kqk29gy544jg,2026-02-25 01:40:24.882,2026-02-25 01:40:24.882,0101000020E61000004C98314FE7AC5C40928B7DFE8EFC4540
cmm1darll004o5z4us7lill1g,福州三坊七巷洲际酒店,InterContinental Fuzhou Sanfang Qixiang,福州市鼓楼区三坊七巷附近,5,2019-09-01 00:00:00,古厝风情与现代服务结合的文化酒店。,approved,,cmm1da1mk0000kqk29gy544jg,2026-02-25 01:40:24.883,2026-02-25 01:40:24.883,0101000020E6100000854ED20B140F5E4095A4380CD4564640
cmm1darl300315z4u48w5v2uc,宁波东钱湖华侨豪生酒店,Howard Johnson Ningbo Dongqian Lake,宁波市鄞州区东钱湖旅游度假区,5,2015-03-01 00:00:00,湖景度假酒店，适合家庭出游与会议。,approved,,cmm1da1mk0000kqk29gy544jg,2026-02-25 01:40:24.882,2026-02-25 01:40:24.882,0101000020E610000064FF34D4A6DD5C40EC26BB4BF0944540
cmm1darlc003w5z4u8fs2slf7,香格里拉松赞林卡酒店,Songtsam Linka Shangri-La,迪庆藏族自治州香格里拉市,5,2012-09-01 00:00:00,藏式高端人文度假酒店。,approved,,cmm1da1mk0000kqk29gy544jg,2026-02-25 01:40:24.882,2026-02-25 01:40:24.882,0101000020E6100000F01BDA023F665D40C418FE463E7B4140
cmm1darlm004v5z4uvqw5kt1w,济南泉城路全季酒店,Ji Hotel Jinan Quancheng Road,济南市历下区泉城路,4,2018-11-01 00:00:00,市中心性价比酒店。,approved,,cmm1da1mk0000kqk29gy544jg,2026-02-25 01:40:24.883,2026-02-25 01:40:24.883,0101000020E6100000D3EFCCD588005E40F1B2473FC4F24240
cmm1darkt002j5z4u06o9vrsn,敦煌月牙泉悦榕庄,Banyan Tree Dunhuang,敦煌市月牙泉景区附近,5,2018-10-01 00:00:00,沙漠绿洲顶级度假酒店。,approved,,cmm1da1mk0000kqk29gy544jg,2026-02-25 01:40:24.882,2026-02-25 01:40:24.882,0101000020E610000041EC41E23CE35B40CEA798213F2E4440
cmm1darlf00415z4ulaod5i24,青岛五四广场香格里拉大酒店,Shangri-La Hotel Qingdao Wusi Square,青岛市市南区香港中路,5,2004-09-01 00:00:00,五四广场经典海景五星。,approved,,cmm1da1mk0000kqk29gy544jg,2026-02-25 01:40:24.882,2026-02-25 01:40:24.882,0101000020E61000009EFE5D4FEA3A5C402E569EF681774240
cmm1darlp00505z4um0zyce0h,武汉东湖绿地中心铂尔曼酒店,Pullman Wuhan Optics Valley,武汉市洪山区光谷中心城,5,2018-03-01 00:00:00,光谷地标级商务酒店。,approved,,cmm1da1mk0000kqk29gy544jg,2026-02-25 01:40:24.883,2026-02-25 01:40:24.883,0101000020E61000007D59D646CCBF5D40470B64A180194440
cmm1darl700355z4udyjoz2ui,腾冲和顺古镇悦榕庄,Banyan Tree Tengchong,保山市腾冲市和顺古镇,5,2014-11-01 00:00:00,火山温泉与侨乡文化结合的奢华度假村。,approved,,cmm1da1mk0000kqk29gy544jg,2026-02-25 01:40:24.882,2026-02-25 01:40:24.882,0101000020E61000004937A04E28585D408153389E29494340
cmm1darli00455z4u1631qzxl,三亚海棠湾丽思卡尔顿酒店,The Ritz-Carlton Sanya Yalong Bay,三亚市海棠湾国家海岸,5,2013-11-01 00:00:00,海棠湾顶级海滨度假酒店。,approved,,cmm1da1mk0000kqk29gy544jg,2026-02-25 01:40:24.882,2026-02-25 01:40:24.882,0101000020E610000096A4099292215E407A563C3C25D04340
cmm1darlp00515z4u6vpye7ed,杭州西溪湿地悦榕庄,Banyan Tree Hangzhou Xixi,杭州市西湖区西溪湿地,5,2010-03-01 00:00:00,湿地生态高端度假村。,approved,,cmm1da1mk0000kqk29gy544jg,2026-02-25 01:40:24.883,2026-02-25 01:40:24.883,0101000020E6100000052CB9FCFA4C5C40C7B1298DFC194340
cmm1darht00165z4upkrdsm79,西安钟楼全季酒店,Ji Hotel Xi'an Bell Tower,西安市碑林区南大街与钟楼十字西南角,4,2017-03-01 00:00:00,古城中心位置，性价比高，步行可达回民街与城墙。,approved,,cmm1da1mk0000kqk29gy544jg,2026-02-25 01:40:24.881,2026-02-25 01:40:24.881,0101000020E610000067F4FCCF394D5D40AE7CEA7085874440
cmm1darht001h5z4unkt72di5,长春净月潭万达文华酒店,Wanda Vista Changchun Jingyuetan,长春市净月高新区,5,2020-05-01 00:00:00,森林公园旁度假酒店。,approved,,cmm1da1mk0000kqk29gy544jg,2026-02-25 01:40:24.882,2026-02-25 01:40:24.882,0101000020E610000038F25E4728155E40018DDF7FDECF4540
cmm1darhs000x5z4u3jxmqzyb,厦门鼓浪屿日航酒店,Hotel Nikko Xiamen Gulangyu,厦门市思明区鼓浪屿龙头路,5,2019-08-01 00:00:00,岛上高端度假酒店，复古建筑与海岛风情结合。,approved,,cmm1da1mk0000kqk29gy544jg,2026-02-25 01:40:24.88,2026-02-25 01:40:24.88,0101000020E6100000022C97EB53E15B40997999C21F1F4440
cmm1darhs000s5z4udybeeakv,深圳福田香格里拉大酒店,Shangri-La Hotel Shenzhen,深圳市福田区益田路4088号,5,2003-09-01 00:00:00,CBD核心位置，毗邻会展中心，适合商务会议与家庭休闲。,approved,,cmm1da1mk0000kqk29gy544jg,2026-02-25 01:40:24.88,2026-02-25 01:40:24.88,0101000020E610000053012A6DEB425D40D78CC1377DA44240
cmm1darht001e5z4uu7apyy18,重庆解放碑万豪行政公寓,Marriott Executive Apartments Chongqing,重庆市渝中区解放碑步行街附近,5,2020-07-01 00:00:00,高端服务式公寓，适合长期商务停留，俯瞰洪崖洞夜景。,approved,,cmm1da1mk0000kqk29gy544jg,2026-02-25 01:40:24.882,2026-02-25 01:40:24.882,0101000020E61000004ABC4A425C1C5E40E4F912E188214540
cmm1darht00195z4upgffce0x,武汉光谷凯悦酒店,Grand Hyatt Wuhan Optics Valley,武汉市洪山区光谷生物城附近,5,2021-04-01 00:00:00,科技新区高端酒店，会议设施完善，适合会展与科技商务。,approved,,cmm1da1mk0000kqk29gy544jg,2026-02-25 01:40:24.881,2026-02-25 01:40:24.881,0101000020E6100000D05D0DD3F67D5C4000A4053A17F74240
cmm1darht00185z4u7rwy9b1b,张家界武陵源绿地酒店,Greenland Hotel Zhangjiajie Wulingyuan,张家界市武陵源区核心景区附近,5,2022-09-01 00:00:00,国家森林公园旁，适合观赏天门山与玻璃桥的度假酒店。,approved,,cmm1da1mk0000kqk29gy544jg,2026-02-25 01:40:24.881,2026-02-25 01:40:24.881,0101000020E6100000E85F3A2B382A5C40DC0965AF9D594540
cmm1darht001b5z4usg5gun1s,南昌滕王阁万达文华酒店,Wanda Vista Nanchang Tengwang Pavilion,南昌市东湖区赣江新区,5,2020-11-01 00:00:00,赣江江景，适合商务与观光。,approved,,cmm1da1mk0000kqk29gy544jg,2026-02-25 01:40:24.881,2026-02-25 01:40:24.881,0101000020E61000000FC03120A2C55C40166ED3C4E2BD4540
cmm1darht000z5z4uba80lmkj,南京新街口希尔顿欢朋酒店,Hilton Garden Inn Nanjing Xinjiekou,南京市玄武区洪武路88号,4,2018-12-01 00:00:00,商圈便利型酒店，设施新颖，适合购物与商务结合。,approved,,cmm1da1mk0000kqk29gy544jg,2026-02-25 01:40:24.88,2026-02-25 01:40:24.88,0101000020E610000045649CB5747D5D409BADDCE3C6CD4140
cmm1darhs000u5z4ut0c5znza,杭州西湖绿城尊蓝酒店,The Dragon Hotel Hangzhou,杭州市西湖区曙光路120号,5,2006-05-01 00:00:00,西湖景区边缘，融合江南园林与现代设施的品质酒店。,approved,,cmm1da1mk0000kqk29gy544jg,2026-02-25 01:40:24.88,2026-02-25 01:40:24.88,0101000020E610000011B65155EB555E401EF7E69777294340
cmm1darht000y5z4uwlp7t501,北京王府井希尔顿酒店,Hilton Beijing Wangfujing,北京市东城区王府井大街8号,5,2018-06-01 00:00:00,位于王府井核心商圈，步行可达故宫与天安门，现代商务与休闲兼顾的高端酒店。,approved,,cmm1da1mk0000kqk29gy544jg,2026-02-25 01:40:24.88,2026-02-25 01:40:24.88,0101000020E6100000DE971CA332FE5B40E442BCB83DF74540
cmm1darht001a5z4uomxqzlph,天津意风区威斯汀酒店,The Westin Tianjin,天津市河西区解放北路,5,2010-05-01 00:00:00,欧式建筑风格，位于历史风貌建筑区。,approved,,cmm1da1mk0000kqk29gy544jg,2026-02-25 01:40:24.881,2026-02-25 01:40:24.881,0101000020E61000000719BF35E5B25C40ADAB42994F854340
cmm1darht001g5z4utzo0gfil,哈尔滨中央大街索菲特酒店,Sofitel Harbin,哈尔滨市道里区中央大街,5,2017-12-01 00:00:00,俄式建筑风格，冰雪节最佳观赏点。,approved,,cmm1da1mk0000kqk29gy544jg,2026-02-25 01:40:24.882,2026-02-25 01:40:24.882,0101000020E610000016D73BBEEAE35D40D4FA5547FA1B4540
cmm1darht00175z4u13mtrg4f,三亚亚龙湾瑞吉度假酒店,The St. Regis Sanya Yalong Bay Resort,三亚市亚龙湾国家旅游度假区,5,2011-06-01 00:00:00,顶级海滨度假酒店，私密沙滩与管家服务。,approved,,cmm1da1mk0000kqk29gy544jg,2026-02-25 01:40:24.881,2026-02-25 01:40:24.881,0101000020E61000000034E9EB1E365D403FB912938AFF4440
cmm1darhs000w5z4uw5obgcye,成都宽窄巷子亚朵酒店,Atour Hotel Chengdu Kuanzhai Alley,成都市青羊区长顺上街127号,4,2019-11-01 00:00:00,文化氛围浓厚的街区酒店，设计感强，适合年轻旅客与文艺青年。,approved,,cmm1da1mk0000kqk29gy544jg,2026-02-25 01:40:24.88,2026-02-25 01:40:24.88,0101000020E6100000697543D286A95D405A6A5B74F7284240
cmm1darhs000v5z4ubeded1ry,上海外滩华尔道夫酒店,Waldorf Astoria Shanghai on the Bund,上海市黄浦区中山东一路2号,5,2010-08-01 00:00:00,外滩历史建筑改造的奢华酒店，拥有百年英式风情与摩登上海天际线景观。,approved,,cmm1da1mk0000kqk29gy544jg,2026-02-25 01:40:24.88,2026-02-25 01:40:24.88,0101000020E6100000314834159BEB5C40FF262342ED9F4340
cmm1darhs000t5z4uv5ycdr1a,广州珠江新城四季酒店,Four Seasons Hotel Guangzhou,广州市天河区珠江新城珠江西路5号,5,2012-01-01 00:00:00,地标性摩天大楼酒店，高层景观俯瞰珠江与广州塔。,approved,,cmm1da1mk0000kqk29gy544jg,2026-02-25 01:40:24.88,2026-02-25 01:40:24.88,0101000020E6100000B8ED0CCA26F15B4031A0D4D7C6ED4440
cmm1darjx001j5z4u8us2v0ah,丽江古城悦榕庄,Banyan Tree Lijiang,丽江市古城区狮子山,5,2006-04-01 00:00:00,纳西风格高端度假村，雪山景观与温泉体验。,approved,,cmm1da1mk0000kqk29gy544jg,2026-02-25 01:40:24.882,2026-02-25 01:40:24.882,0101000020E61000008D606B7010AC5D4005BF6F6BAEC04240
cmm1dark1001l5z4uzwo82oqn,昆明翠湖洲际度假酒店,InterContinental Kunming Resort,昆明市五华区翠湖公园旁,5,2017-05-01 00:00:00,翠湖畔度假式酒店，园林景观优美。,approved,,cmm1da1mk0000kqk29gy544jg,2026-02-25 01:40:24.882,2026-02-25 01:40:24.882,0101000020E61000001B0812BECFD25C408C6F02BC6E684640
cmm1dark2001n5z4uvnjx7asr,上海迪士尼乐园玩具总动员酒店,Toy Story Hotel Shanghai Disney Resort,上海市浦东新区川沙新镇迪士尼度假区,4,2021-06-01 00:00:00,亲子主题酒店，迪士尼官方合作。,approved,,cmm1da1mk0000kqk29gy544jg,2026-02-25 01:40:24.882,2026-02-25 01:40:24.882,0101000020E6100000E72AAF5890CE5C407B4A5E4DA4984140
cmm1darka001p5z4ue3r7m5wi,北京大兴国际机场希尔顿酒店,Hilton Beijing Daxing Airport,北京市大兴区大兴国际机场,5,2019-09-01 00:00:00,机场配套高端酒店，交通极便利。,approved,,cmm1da1mk0000kqk29gy544jg,2026-02-25 01:40:24.882,2026-02-25 01:40:24.882,0101000020E610000043072883AE035D409991DC0049C04340
cmm1darkb001r5z4u01z9hi4z,贵阳花果园亚朵S酒店,Atour S Hotel Guiyang Huaguoyuan,贵阳市南明区花果园片区,4,2022-02-01 00:00:00,年轻化设计酒店，交通便利。,approved,,cmm1da1mk0000kqk29gy544jg,2026-02-25 01:40:24.882,2026-02-25 01:40:24.882,0101000020E610000038700B0F943D5D40E7BE87BB8ED44540
cmm1darkd001t5z4uoc44mn51,苏州金鸡湖凯宾斯基酒店,Kempinski Hotel Suzhou,苏州市工业园区金鸡湖大道,5,2005-11-01 00:00:00,金鸡湖畔经典五星，园林景观与会议设施出色。,approved,,cmm1da1mk0000kqk29gy544jg,2026-02-25 01:40:24.882,2026-02-25 01:40:24.882,0101000020E61000009A28BDA9E3195D400B37A56455664640
cmm1darkd001v5z4ut79msooy,深圳前海华尔道夫酒店,Waldorf Astoria Shenzhen Qianhai,深圳市南山区前海深港合作区,5,2023-05-01 00:00:00,粤港澳大湾区新兴地标酒店。,approved,,cmm1da1mk0000kqk29gy544jg,2026-02-25 01:40:24.882,2026-02-25 01:40:24.882,0101000020E6100000C276BF6B02F35D4095757A8FE3B74440
cmm1darke001x5z4ur7r8k080,兰州黄河风情线希尔顿欢朋,Hilton Garden Inn Lanzhou Yellow River,兰州市城关区黄河风情线,4,2021-08-01 00:00:00,黄河景观酒店，性价比高。,approved,,cmm1da1mk0000kqk29gy544jg,2026-02-25 01:40:24.882,2026-02-25 01:40:24.882,0101000020E61000007E66178698EC5B40C5DCAE9CDF934440
cmm1darkg001z5z4u70szwpig,成都环球中心天堂洲际酒店,InterContinental Chengdu Global Center,成都市武侯区天府大道中段,5,2013-07-01 00:00:00,超大型综合体内的江景五星酒店。,approved,,cmm1da1mk0000kqk29gy544jg,2026-02-25 01:40:24.882,2026-02-25 01:40:24.882,0101000020E610000033E035B4A2185D4067FDBC98D1AE4540
cmm1darkh00215z4utzjq5wgb,广州长隆熊猫酒店,Chimelong Panda Hotel Guangzhou,广州市番禺区长隆旅游度假区,5,2018-04-01 00:00:00,熊猫主题亲子度假酒店。,approved,,cmm1da1mk0000kqk29gy544jg,2026-02-25 01:40:24.882,2026-02-25 01:40:24.882,0101000020E6100000E5051139EA395E40528B49D22F994140
cmm1darkh00235z4uutmltzwz,银川阅海万家万豪酒店,Marriott Hotel Yinchuan Yuehai,银川市金凤区阅海湾,5,2019-03-01 00:00:00,湖畔高端酒店，会议设施齐全。,approved,,cmm1da1mk0000kqk29gy544jg,2026-02-25 01:40:24.882,2026-02-25 01:40:24.882,0101000020E6100000E7178A789B8F5C40BBD9D6ACC26E4340
cmm1darko00295z4ub3i6mlll,无锡太湖鼋头渚希尔顿酒店,Hilton Wuxi Yuantouzhu,无锡市滨湖区鼋头渚景区附近,5,2017-07-01 00:00:00,太湖最佳观景点之一，樱花季与梅园景观优美。,approved,,cmm1da1mk0000kqk29gy544jg,2026-02-25 01:40:24.882,2026-02-25 01:40:24.882,0101000020E610000065F1F253199D5D40B1C761CE4F5A4440
cmm1darlb003n5z4utlqcnjsf,桂林阳朔Alila度假酒店,Alila Yangshuo Guilin,桂林市阳朔县遇龙河畔,5,2017-03-01 00:00:00,糖厂改造的工业风高端度假村。,approved,,cmm1da1mk0000kqk29gy544jg,2026-02-25 01:40:24.882,2026-02-25 01:40:24.882,0101000020E61000009CF6A98D434E5D409D460C78290D4240
cmm1darll004s5z4usn4j2fpm,合肥滨湖银泰皇冠假日酒店,Crowne Plaza Hefei Binhu,合肥市滨湖新区银泰中心,5,2018-04-01 00:00:00,滨湖新区地标，会议与购物一体。,approved,,cmm1da1mk0000kqk29gy544jg,2026-02-25 01:40:24.883,2026-02-25 01:40:24.883,0101000020E610000030C000D4C5145E4044568EFC1AF84340
